generation,best_blinds,mean_blinds,default_blinds,best_ante,best_winrate,errors,seconds
1,9.580,6.478,9.330,3.730,0.000,0,73
2,9.610,8.345,9.430,3.690,0.000,3,163
3,9.120,7.831,9.520,3.570,0.000,1,249
4,9.750,8.678,9.530,3.770,0.000,0,348
5,10.120,9.379,9.810,3.920,0.000,0,448
6,10.000,9.219,9.600,3.870,0.010,3,550
7,10.420,9.272,9.690,4.010,0.000,0,652
8,9.310,8.783,9.020,3.620,0.000,0,752
9,10.120,7.987,9.410,3.890,0.000,4,846
10,10.640,10.203,9.790,4.080,0.000,0,957
11,10.610,9.582,9.370,4.050,0.010,0,1059
12,10.320,9.242,9.560,3.960,0.000,0,1157
13,10.930,10.038,9.330,4.170,0.000,0,1264
14,10.850,10.165,9.800,4.130,0.000,0,1371
15,10.280,9.583,9.050,3.960,0.010,2,1470
16,10.900,10.005,9.490,4.100,0.000,1,1573
17,10.360,9.742,9.540,4.000,0.000,0,1677
18,9.820,9.241,8.670,3.800,0.000,0,1779
19,11.360,10.666,9.640,4.330,0.000,2,1893
20,10.760,10.147,9.240,4.130,0.000,0,2005
21,11.360,10.521,9.980,4.290,0.000,0,2117
22,9.910,9.549,9.020,3.820,0.000,0,2212
23,10.860,10.131,9.970,4.110,0.000,1,2316
24,10.840,10.253,9.510,4.090,0.000,2,2423
25,10.820,10.449,9.410,4.170,0.000,0,2528
