generation,best_blinds,mean_blinds,start_blinds,best_ante,best_winrate,errors,seconds
1,13.200,11.397,11.680,4.920,0.020,0,100
2,12.530,11.617,11.830,4.670,0.020,1,204
3,12.580,11.978,11.530,4.670,0.000,0,307
4,13.220,11.881,11.550,4.900,0.040,0,418
5,13.030,12.270,12.050,4.870,0.030,0,531
6,13.160,12.428,11.890,4.870,0.010,0,645
7,12.910,12.190,11.800,4.750,0.000,0,757
8,12.570,11.928,11.440,4.680,0.010,0,866
9,12.990,12.160,11.940,4.870,0.020,0,977
10,12.820,12.222,11.880,4.750,0.010,0,1091
11,12.820,12.297,11.710,4.760,0.020,0,1205
12,12.890,12.215,12.340,4.800,0.010,0,1317
13,13.060,12.391,11.990,4.840,0.000,0,1424
14,12.580,11.986,11.270,4.670,0.000,0,1530
15,12.720,11.754,11.300,4.700,0.000,0,1638
16,13.170,11.977,11.640,4.880,0.010,0,1743
17,13.280,12.139,11.430,4.930,0.010,0,1850
18,12.450,11.538,11.140,4.690,0.030,0,1950
19,12.660,12.106,11.610,4.750,0.010,0,2055
20,12.910,12.188,11.480,4.770,0.010,0,2161
21,12.850,12.220,11.900,4.790,0.000,0,2268
22,13.260,12.717,11.640,4.910,0.000,0,2377
23,13.180,12.485,11.450,4.850,0.020,0,2481
24,13.480,12.818,11.830,5.000,0.030,0,2594
25,13.430,13.071,12.220,4.930,0.010,0,2707
